{
	"textures": {
		"0": "animated_java:blueprint/clock/clock",
		"particle": "minecraft:item/pufferfish"
	},
	"display": {
		"head": {
			"rotation": [0, 180, 0]
		}
	},
	"elements": [
		{
			"from": [3.66667, 4, 9],
			"to": [12.40625, 12.66666, 9],
			"rotation": {
				"angle": 0,
				"axis": "y",
				"origin": [8, 8.26042, 8]
			},
			"faces": {
				"north": {
					"uv": [2.1691, 0, 4.375, 2.1875],
					"texture": "#0"
				},
				"east": {
					"uv": [0, 0, 0, 2.1875],
					"texture": "#0"
				},
				"south": {
					"uv": [0, 0, 2.2059, 2.1875],
					"texture": "#0"
				},
				"west": {
					"uv": [0, 0, 0, 2.1875],
					"texture": "#0"
				},
				"up": {
					"uv": [4.375, 0, 2.1691, 0],
					"texture": "#0"
				},
				"down": {
					"uv": [4.375, 0, 2.1691, 0],
					"texture": "#0"
				}
			}
		}
	]
}