{
	"textures": {
		"1": "animated_java:blueprint/clock/clock2",
		"particle": "minecraft:item/pufferfish"
	},
	"display": {
		"head": {
			"rotation": [0, 180, 0]
		}
	},
	"elements": [
		{
			"from": [0.59375, -0.625, 7.5],
			"to": [16.15625, 15.71875, 7.5],
			"rotation": {
				"angle": 0,
				"axis": "y",
				"origin": [8.6875, -0.625, 8]
			},
			"faces": {
				"north": {
					"uv": [0, 0, 3.875, 4.125],
					"texture": "#1"
				},
				"east": {
					"uv": [0, 4.25, 0.125, 8.375],
					"texture": "#1"
				},
				"south": {
					"uv": [0, 0, 3.875, 4.125],
					"texture": "#1"
				},
				"west": {
					"uv": [0.25, 4.25, 0.375, 8.375],
					"texture": "#1"
				},
				"up": {
					"uv": [4.375, 4.375, 0.5, 4.25],
					"texture": "#1"
				},
				"down": {
					"uv": [4.375, 4.5, 0.5, 4.625],
					"texture": "#1"
				}
			}
		}
	]
}