{
	"textures": {
		"0": "animated_java:blueprint/clock/clock",
		"particle": "minecraft:item/pufferfish"
	},
	"display": {
		"head": {
			"rotation": [0, 180, 0]
		}
	},
	"elements": [
		{
			"from": [3.48959, 3.875, 9],
			"to": [12.08333, 12.54167, 9],
			"rotation": {
				"angle": 0,
				"axis": "y",
				"origin": [8.07292, 7.76042, 8]
			},
			"faces": {
				"north": {
					"uv": [0, 2.1875, 2.1691, 4.375],
					"texture": "#0"
				},
				"east": {
					"uv": [0, 2.1875, 0, 4.375],
					"texture": "#0"
				},
				"south": {
					"uv": [2.2059, 2.1875, 4.375, 4.375],
					"texture": "#0"
				},
				"west": {
					"uv": [0, 2.1875, 0, 4.375],
					"texture": "#0"
				},
				"up": {
					"uv": [2.1691, 0, 0, 0],
					"texture": "#0"
				},
				"down": {
					"uv": [2.1691, 0, 0, 0],
					"texture": "#0"
				}
			}
		}
	]
}