{
	"textures": {
		"0": "animated_java:blueprint/speed/speed",
		"particle": "minecraft:item/pufferfish"
	},
	"display": {
		"head": {
			"rotation": [0, 180, 0]
		}
	},
	"elements": [
		{
			"from": [4.86458, 4.75, 9],
			"to": [10.86458, 11.15625, 9],
			"rotation": {
				"angle": 0,
				"axis": "y",
				"origin": [8.53125, 4.75, 8]
			},
			"faces": {
				"north": {
					"uv": [0, 0, 6, 6],
					"texture": "#0"
				},
				"east": {
					"uv": [0, 0, 0, 6],
					"texture": "#0"
				},
				"south": {
					"uv": [0, 6, 6, 12],
					"texture": "#0"
				},
				"west": {
					"uv": [0, 0, 0, 6],
					"texture": "#0"
				},
				"up": {
					"uv": [6, 0, 0, 0],
					"texture": "#0"
				},
				"down": {
					"uv": [6, 0, 0, 0],
					"texture": "#0"
				}
			}
		}
	]
}