{
	"parent": "item/generated",
	"textures": {
		"layer0": "minecraft:item/black_dye"
	},
	"overrides": [
		{
			"predicate": {
				"custom_model_data": 1
			},
			"model": "animated_java:empty"
		},
		{
			"predicate": {
				"custom_model_data": 2
			},
			"model": "animated_java:blueprint/parry/bone"
		},
		{
			"predicate": {
				"custom_model_data": 3
			},
			"model": "animated_java:blueprint/parryshield/bone"
		},
		{
			"predicate": {
				"custom_model_data": 4
			},
			"model": "animated_java:blueprint/parryshield/1/bone"
		},
		{
			"predicate": {
				"custom_model_data": 5
			},
			"model": "animated_java:blueprint/parryshield/2/bone"
		},
		{
			"predicate": {
				"custom_model_data": 6
			},
			"model": "animated_java:blueprint/parryshield/3/bone"
		}
	],
	"animated_java": {
		"parry": [1, 2],
		"parryshield": [3, 4, 5, 6]
	}
}