{
	"credit": "Made with Blockbench",
	"parent": "minecraft:item/generated",
	"textures": {
		"particle": "item/controle",
		"layer0": "item/controle"
	},
	"display": {
		"thirdperson_righthand": {
			"rotation": [0, 180, 0],
			"translation": [0, 3.25, 0],
			"scale": [0.72, 0.55, 0.81]
		},
		"thirdperson_lefthand": {
			"rotation": [0, 180, 0],
			"translation": [0.5, 3.25, 0],
			"scale": [0.72, 0.55, 0.81]
		},
		"firstperson_righthand": {
			"rotation": [-1, -24, 12],
			"translation": [2.5, 4.75, -1.5],
			"scale": [0.84, 0.86, 0.81]
		},
		"firstperson_lefthand": {
			"rotation": [0, -15, 7],
			"translation": [1.25, 6.25, 0.75],
			"scale": [0.84, 0.86, 0.81]
		},
		"ground": {
			"translation": [0, 4, 0],
			"scale": [0.98, 0.97, 0.9]
		},
		"gui": {
			"translation": [-0.25, 0.25, 0],
			"scale": [1.34, 1.38, 2.03]
		},
		"head": {
			"rotation": [93.93, -66.95, 66.35],
			"translation": [0.25, 3.75, 3.5],
			"scale": [4, 2.39844, 1]
		},
		"fixed": {
			"translation": [-1.25, 1, 0],
			"scale": [1.69, 1.36, 1.78]
		}
	}
}