{
  "parent": "item/generated",
  "textures": {
    "layer0": "item/feather"
  },
  "overrides": [
    {
      "predicate": {
        "custom_model_data": 1
      },
      "model": "minecraft:item/peninhaparte1"
    },
    {
      "predicate": {
        "custom_model_data": 2
      },
      "model": "minecraft:item/peninhaparte2"
    },
    {
      "predicate": {
        "custom_model_data": 6
      },
      "model": "minecraft:item/bedrockskin"
    },
    {
      "predicate": {
        "custom_model_data": 7
      },
      "model": "minecraft:item/blizzard"
    },
    {
      "predicate": {
        "custom_model_data": 8
      },
      "model": "minecraft:item/sandbag"
    }
  ]
}
