{
	"credit": "Made with Blockbench",
	"parent": "minecraft:item/generated",
	"textures": {
		"layer0": "item/luva_espacial"
	},
	"display": {
		"thirdperson_righthand": {
			"translation": [0, 2.75, 0],
			"scale": [0.71, 0.61, 1]
		},
		"thirdperson_lefthand": {
			"translation": [0, 2.75, 0],
			"scale": [0.71, 0.61, 1]
		},
		"firstperson_righthand": {
			"rotation": [0, -51, 0],
			"translation": [0.75, 4, 0],
			"scale": [0.69, 0.65, 0.43]
		},
		"gui": {
			"translation": [0, -1.5, 0],
			"scale": [1.36, 1.31, 1]
		},
		"fixed": {
			"translation": [0, -2, 0],
			"scale": [1.51, 1.51, 1]
		}
	}
}