{
	"credit": "Made with Blockbench",
	"textures": {
		"0": "item/pan",
		"particle": "item/pan"
	},
	"elements": [
		{
			"from": [6.42708, 8, 4.4375],
			"to": [9.76042, 8.46875, 7.77083],
			"rotation": {"angle": 0, "axis": "y", "origin": [8.21875, 8.28125, 9.61458]},
			"faces": {
				"north": {"uv": [5, 2, 8.25, 2.5], "texture": "#0"},
				"east": {"uv": [5, 3, 8.25, 3.5], "texture": "#0"},
				"south": {"uv": [5, 4, 8.25, 4.5], "texture": "#0"},
				"west": {"uv": [5, 5, 8.25, 5.5], "texture": "#0"},
				"up": {"uv": [3.25, 3.25, 0, 0], "texture": "#0"},
				"down": {"uv": [3.25, 4, 0, 7.25], "texture": "#0"}
			}
		},
		{
			"from": [9.61458, 8.46875, 4.38542],
			"to": [9.875, 8.78125, 7.8125],
			"rotation": {"angle": 0, "axis": "y", "origin": [8.21875, 8.28125, 9.61458]},
			"faces": {
				"north": {"uv": [6, 11, 6.25, 11.25], "texture": "#0"},
				"east": {"uv": [7, 6, 10.5, 6.25], "texture": "#0"},
				"south": {"uv": [11, 6, 11.25, 6.25], "texture": "#0"},
				"west": {"uv": [7, 7, 10.5, 7.25], "texture": "#0"},
				"up": {"uv": [0.25, 11.5, 0, 8], "texture": "#0"},
				"down": {"uv": [1.25, 8, 1, 11.5], "texture": "#0"}
			}
		},
		{
			"from": [7.47917, 7.96875, 7.76042],
			"to": [8.73958, 8.59375, 8.27083],
			"rotation": {"angle": 0, "axis": "y", "origin": [8.21875, 8.28125, 9.61458]},
			"faces": {
				"north": {"uv": [5, 6, 6.25, 6.75], "texture": "#0"},
				"east": {"uv": [7, 10, 7.5, 10.75], "texture": "#0"},
				"south": {"uv": [5, 7, 6.25, 7.75], "texture": "#0"},
				"west": {"uv": [8, 10, 8.5, 10.75], "texture": "#0"},
				"up": {"uv": [4.25, 10.5, 3, 10], "texture": "#0"},
				"down": {"uv": [11.25, 3, 10, 3.5], "texture": "#0"}
			}
		},
		{
			"from": [7.79167, 8, 8.26042],
			"to": [8.42708, 8.46875, 11.64583],
			"rotation": {"angle": 0, "axis": "y", "origin": [8.21875, 8.28125, 9.61458]},
			"faces": {
				"north": {"uv": [10, 8, 10.75, 8.5], "texture": "#0"},
				"east": {"uv": [5, 0, 8.5, 0.5], "texture": "#0"},
				"south": {"uv": [9, 10, 9.75, 10.5], "texture": "#0"},
				"west": {"uv": [5, 1, 8.5, 1.5], "texture": "#0"},
				"up": {"uv": [4.75, 3.5, 4, 0], "texture": "#0"},
				"down": {"uv": [4.75, 4, 4, 7.5], "texture": "#0"}
			}
		},
		{
			"from": [6.30208, 8.46875, 4.38542],
			"to": [6.5625, 8.78125, 7.8125],
			"rotation": {"angle": 0, "axis": "y", "origin": [8.21875, 8.28125, 9.61458]},
			"faces": {
				"north": {"uv": [7, 11, 7.25, 11.25], "texture": "#0"},
				"east": {"uv": [2, 8, 5.5, 8.25], "texture": "#0"},
				"south": {"uv": [11, 7, 11.25, 7.25], "texture": "#0"},
				"west": {"uv": [6, 8, 9.5, 8.25], "texture": "#0"},
				"up": {"uv": [9.25, 3.5, 9, 0], "texture": "#0"},
				"down": {"uv": [2.25, 9, 2, 12.5], "texture": "#0"}
			}
		},
		{
			"from": [6.55208, 8.46875, 7.52083],
			"to": [9.625, 8.78125, 7.8125],
			"rotation": {"angle": 0, "axis": "y", "origin": [8.21875, 8.28125, 9.61458]},
			"faces": {
				"north": {"uv": [3, 9, 6, 9.25], "texture": "#0"},
				"east": {"uv": [8, 11, 8.25, 11.25], "texture": "#0"},
				"south": {"uv": [9, 4, 12, 4.25], "texture": "#0"},
				"west": {"uv": [11, 8, 11.25, 8.25], "texture": "#0"},
				"up": {"uv": [12, 5.25, 9, 5], "texture": "#0"},
				"down": {"uv": [9, 9, 6, 9.25], "texture": "#0"}
			}
		},
		{
			"from": [6.55208, 8.46875, 4.39583],
			"to": [9.625, 8.78125, 4.6875],
			"rotation": {"angle": 0, "axis": "y", "origin": [8.21875, 8.28125, 9.61458]},
			"faces": {
				"north": {"uv": [9, 9, 12, 9.25], "texture": "#0"},
				"east": {"uv": [9, 11, 9.25, 11.25], "texture": "#0"},
				"south": {"uv": [10, 0, 13, 0.25], "texture": "#0"},
				"west": {"uv": [10, 11, 10.25, 11.25], "texture": "#0"},
				"up": {"uv": [13, 1.25, 10, 1], "texture": "#0"},
				"down": {"uv": [13, 2, 10, 2.25], "texture": "#0"}
			}
		},
		{
			"from": [7.69792, 7.96875, 10.85417],
			"to": [8.52083, 8.5, 11.48958],
			"rotation": {"angle": 0, "axis": "y", "origin": [8.21875, 8.28125, 9.61458]},
			"faces": {
				"north": {"uv": [10, 10, 10.75, 10.5], "texture": "#0"},
				"east": {"uv": [3, 11, 3.75, 11.5], "texture": "#0"},
				"south": {"uv": [4, 11, 4.75, 11.5], "texture": "#0"},
				"west": {"uv": [5, 11, 5.75, 11.5], "texture": "#0"},
				"up": {"uv": [5.75, 10.75, 5, 10], "texture": "#0"},
				"down": {"uv": [6.75, 10, 6, 10.75], "texture": "#0"}
			}
		}
	],
	"display": {
		"thirdperson_righthand": {
			"rotation": [89.25, 0, 89],
			"translation": [0.75, 2.5, 1.75],
			"scale": [2.60938, 2.60938, 2.60938]
		},
		"thirdperson_lefthand": {
			"rotation": [89.25, 0, 89],
			"translation": [0.75, 2.5, 1.75],
			"scale": [2.60938, 2.60938, 2.60938]
		},
		"firstperson_righthand": {
			"rotation": [69.7, -1.98, 64.54],
			"translation": [0, 3.25, 0],
			"scale": [2.05664, 2.05664, 2.05664]
		},
		"firstperson_lefthand": {
			"rotation": [69.7, -1.98, 64.54],
			"translation": [0, 3.25, 0],
			"scale": [2.05664, 2.05664, 2.05664]
		},
		"ground": {
			"translation": [0, -8.25, 0],
			"scale": [2.66016, 2.66016, 2.66016]
		},
		"gui": {
			"rotation": [93.73, -43.87, 5],
			"translation": [-1, -0.75, 0.75],
			"scale": [2.30273, 2.30273, 2.30273]
		},
		"head": {
			"rotation": [0, 0, 180],
			"translation": [0.25, 7.5, 7.25],
			"scale": [4, 4, 4]
		},
		"fixed": {
			"rotation": [89.68, 43.99, -179.84],
			"translation": [1.25, -0.25, 0.75],
			"scale": [2.83789, 2.83789, 2.83789]
		}
	},
	"groups": [
		{
			"name": "pan",
			"origin": [8.21875, 10.94792, 9.61458],
			"color": 0,
			"children": [0, 1, 2, 3, 4, 5, 6, 7]
		}
	]
}