{
	"parent": "item/generated",
	"textures": {
		"layer0": "minecraft:item/red_dye"
	},
	"overrides": [
		{
			"predicate": {
				"custom_model_data": 1
			},
			"model": "animated_java:empty"
		},
		{
			"predicate": {
				"custom_model_data": 2
			},
			"model": "animated_java:blueprint/blueprint/left_pants"
		},
		{
			"predicate": {
				"custom_model_data": 3
			},
			"model": "animated_java:blueprint/blueprint/left_leg"
		},
		{
			"predicate": {
				"custom_model_data": 4
			},
			"model": "animated_java:blueprint/blueprint/right_sleeve"
		},
		{
			"predicate": {
				"custom_model_data": 5
			},
			"model": "animated_java:blueprint/blueprint/right_arm"
		},
		{
			"predicate": {
				"custom_model_data": 6
			},
			"model": "animated_java:blueprint/blueprint/left_sleeve"
		},
		{
			"predicate": {
				"custom_model_data": 7
			},
			"model": "animated_java:blueprint/blueprint/left_arm"
		},
		{
			"predicate": {
				"custom_model_data": 8
			},
			"model": "animated_java:blueprint/blueprint/jacket"
		},
		{
			"predicate": {
				"custom_model_data": 9
			},
			"model": "animated_java:blueprint/blueprint/body"
		},
		{
			"predicate": {
				"custom_model_data": 10
			},
			"model": "animated_java:blueprint/blueprint/headwear"
		},
		{
			"predicate": {
				"custom_model_data": 11
			},
			"model": "animated_java:blueprint/blueprint/head"
		},
		{
			"predicate": {
				"custom_model_data": 12
			},
			"model": "animated_java:blueprint/blueprint/right_pants"
		},
		{
			"predicate": {
				"custom_model_data": 13
			},
			"model": "animated_java:blueprint/blueprint/right_leg"
		}
	],
	"animated_java": {
		"blueprint": [1, 2, 3, 4, 5, 6, 7, 8, 9, 10, 11, 12, 13]
	}
}