{
	"credit": "Made with Blockbench",
	"parent": "revolver",
	"texture_size": [32, 32],
	"textures": {
		"0": "item/gun",
		"particle": "item/gun"
	},
	"elements": [
		{
			"from": [7.33333, 8.17708, 6.97917],
			"to": [8.17708, 8.77083, 8.85417],
			"rotation": {"angle": 0, "axis": "y", "origin": [7.33333, 8.17708, 6.66667]},
			"faces": {
				"north": {"uv": [6, 0, 6.5, 0.25], "texture": "#0"},
				"east": {"uv": [1.5, 5, 2.5, 5.25], "texture": "#0"},
				"south": {"uv": [1, 6, 1.5, 6.25], "texture": "#0"},
				"west": {"uv": [5, 1.5, 6, 1.75], "texture": "#0"},
				"up": {"uv": [1.5, 5, 1, 4], "texture": "#0"},
				"down": {"uv": [4.5, 1, 4, 2], "texture": "#0"}
			}
		},
		{
			"from": [7.36458, 7.95833, 7.38542],
			"to": [8.14583, 8.45833, 8.79167],
			"rotation": {"angle": -22.5, "axis": "x", "origin": [7.33333, 8.14583, 6.76042]},
			"faces": {
				"north": {"uv": [1.5, 6, 2, 6.25], "texture": "#0"},
				"east": {"uv": [5.5, 0.5, 6.25, 0.75], "texture": "#0"},
				"south": {"uv": [6, 1.5, 6.5, 1.75], "texture": "#0"},
				"west": {"uv": [5.5, 1, 6.25, 1.25], "texture": "#0"},
				"up": {"uv": [3.5, 4.75, 3, 4], "texture": "#0"},
				"down": {"uv": [4.5, 3, 4, 3.75], "texture": "#0"}
			}
		},
		{
			"from": [7.36458, 8.39583, 7.22917],
			"to": [8.14583, 10.20833, 8.60417],
			"rotation": {"angle": -22.5, "axis": "x", "origin": [7.33333, 8.58333, 6.57292]},
			"faces": {
				"north": {"uv": [1.5, 4, 2, 5], "texture": "#0"},
				"east": {"uv": [1, 1, 1.75, 2], "texture": "#0"},
				"south": {"uv": [2, 4, 2.5, 5], "texture": "#0"},
				"west": {"uv": [1, 2, 1.75, 3], "texture": "#0"},
				"up": {"uv": [4, 4.75, 3.5, 4], "texture": "#0"},
				"down": {"uv": [4.5, 4, 4, 4.75], "texture": "#0"}
			}
		},
		{
			"from": [7.33333, 10.30208, 6.57292],
			"to": [8.17708, 11.55208, 8.01042],
			"rotation": {"angle": 0, "axis": "x", "origin": [7.33333, 10.48958, 5.91667]},
			"faces": {
				"north": {"uv": [4.5, 1, 5, 1.75], "texture": "#0"},
				"east": {"uv": [2, 1, 2.75, 1.75], "texture": "#0"},
				"south": {"uv": [4.5, 2, 5, 2.75], "texture": "#0"},
				"west": {"uv": [2, 2, 2.75, 2.75], "texture": "#0"},
				"up": {"uv": [5, 3.75, 4.5, 3], "texture": "#0"},
				"down": {"uv": [5, 4, 4.5, 4.75], "texture": "#0"}
			}
		},
		{
			"from": [7.36458, 11.73958, 6.41667],
			"to": [8.14583, 12.64583, 8.01042],
			"rotation": {"angle": 22.5, "axis": "x", "origin": [7.33333, 11.92708, 6.01042]},
			"faces": {
				"north": {"uv": [5, 2, 5.5, 2.5], "texture": "#0"},
				"east": {"uv": [0, 5, 0.75, 5.5], "texture": "#0"},
				"south": {"uv": [2.5, 5, 3, 5.5], "texture": "#0"},
				"west": {"uv": [5, 0, 5.75, 0.5], "texture": "#0"},
				"up": {"uv": [5.5, 1.25, 5, 0.5], "texture": "#0"},
				"down": {"uv": [1.5, 5, 1, 5.75], "texture": "#0"}
			}
		},
		{
			"from": [7.64583, 11.77083, 6.88542],
			"to": [7.83333, 12.73958, 7.69792],
			"rotation": {"angle": 22.5, "axis": "x", "origin": [7.33333, 11.95833, 6.16667]},
			"faces": {
				"north": {"uv": [6.5, 2, 6.75, 2.5], "texture": "#0"},
				"east": {"uv": [5, 5, 5.5, 5.5], "texture": "#0"},
				"south": {"uv": [2.5, 6.5, 2.75, 7], "texture": "#0"},
				"west": {"uv": [0, 5.5, 0.5, 6], "texture": "#0"},
				"up": {"uv": [6.75, 3, 6.5, 2.5], "texture": "#0"},
				"down": {"uv": [3.25, 6.5, 3, 7], "texture": "#0"}
			}
		},
		{
			"from": [7.64583, 12.58333, 6.76042],
			"to": [7.83333, 13.89583, 7.04167],
			"rotation": {"angle": 45, "axis": "x", "origin": [7.33333, 12.77083, 5.72917]},
			"faces": {
				"north": {"uv": [5.5, 4, 5.75, 4.75], "texture": "#0"},
				"east": {"uv": [5, 5.5, 5.25, 6.25], "texture": "#0"},
				"south": {"uv": [5.5, 5, 5.75, 5.75], "texture": "#0"},
				"west": {"uv": [0, 6, 0.25, 6.75], "texture": "#0"},
				"up": {"uv": [7.75, 3.25, 7.5, 3], "texture": "#0"},
				"down": {"uv": [3.75, 7.5, 3.5, 7.75], "texture": "#0"}
			}
		},
		{
			"from": [7.64583, 12.58333, 6.63542],
			"to": [7.83333, 13.52083, 6.76042],
			"rotation": {"angle": 45, "axis": "x", "origin": [7.33333, 12.77083, 5.72917]},
			"faces": {
				"north": {"uv": [6.5, 3, 6.75, 3.5], "texture": "#0"},
				"east": {"uv": [3.5, 6.5, 3.75, 7], "texture": "#0"},
				"south": {"uv": [6.5, 3.5, 6.75, 4], "texture": "#0"},
				"west": {"uv": [4, 6.5, 4.25, 7], "texture": "#0"},
				"up": {"uv": [7.75, 3.75, 7.5, 3.5], "texture": "#0"},
				"down": {"uv": [4.25, 7.5, 4, 7.75], "texture": "#0"}
			}
		},
		{
			"from": [7.52083, 13.05208, 6.41667],
			"to": [7.98958, 13.95833, 7.07292],
			"rotation": {"angle": 45, "axis": "x", "origin": [7.33333, 13.23958, 4.94792]},
			"faces": {
				"north": {"uv": [2, 6, 2.25, 6.5], "texture": "#0"},
				"east": {"uv": [3, 6, 3.25, 6.5], "texture": "#0"},
				"south": {"uv": [6, 3.5, 6.25, 4], "texture": "#0"},
				"west": {"uv": [6, 4, 6.25, 4.5], "texture": "#0"},
				"up": {"uv": [6.75, 4.25, 6.5, 4], "texture": "#0"},
				"down": {"uv": [4.75, 6.5, 4.5, 6.75], "texture": "#0"}
			}
		},
		{
			"from": [7.52083, 12.11458, -1.28125],
			"to": [7.98958, 12.73958, 6.53125],
			"rotation": {"angle": 0, "axis": "x", "origin": [7.33333, 12.02083, 4.40625]},
			"faces": {
				"north": {"uv": [6.5, 4.5, 6.75, 4.75], "texture": "#0"},
				"east": {"uv": [0, 0, 4, 0.25], "texture": "#0"},
				"south": {"uv": [5, 6.5, 5.25, 6.75], "texture": "#0"},
				"west": {"uv": [0, 0.5, 4, 0.75], "texture": "#0"},
				"up": {"uv": [0.25, 5, 0, 1], "texture": "#0"},
				"down": {"uv": [0.75, 1, 0.5, 5], "texture": "#0"}
			}
		},
		{
			"from": [7.52083, 11.73958, 1.03125],
			"to": [7.98958, 12.11458, 1.6875],
			"rotation": {"angle": 0, "axis": "x", "origin": [7.33333, 11.39583, -0.4375]},
			"faces": {
				"north": {"uv": [7.5, 1, 7.75, 1.25], "texture": "#0"},
				"east": {"uv": [1.5, 7.5, 1.75, 7.75], "texture": "#0"},
				"south": {"uv": [7.5, 1.5, 7.75, 1.75], "texture": "#0"},
				"west": {"uv": [2, 7.5, 2.25, 7.75], "texture": "#0"},
				"up": {"uv": [7.75, 2.25, 7.5, 2], "texture": "#0"},
				"down": {"uv": [2.75, 7.5, 2.5, 7.75], "texture": "#0"}
			}
		},
		{
			"from": [7.52083, 12.73958, -0.5625],
			"to": [7.98958, 13.14583, 0.1875],
			"rotation": {"angle": 0, "axis": "x", "origin": [7.33333, 12.52083, -2.15625]},
			"faces": {
				"north": {"uv": [7.5, 2.5, 7.75, 2.75], "texture": "#0"},
				"east": {"uv": [6.5, 1, 7, 1.25], "texture": "#0"},
				"south": {"uv": [3, 7.5, 3.25, 7.75], "texture": "#0"},
				"west": {"uv": [1.5, 6.5, 2, 6.75], "texture": "#0"},
				"up": {"uv": [6.75, 2, 6.5, 1.5], "texture": "#0"},
				"down": {"uv": [2.25, 6.5, 2, 7], "texture": "#0"}
			}
		},
		{
			"from": [7.61458, 11.73958, 1.6875],
			"to": [7.92708, 12.05208, 3.90625],
			"rotation": {"angle": 0, "axis": "x", "origin": [7.36458, 11.30208, 4.40625]},
			"faces": {
				"north": {"uv": [7.5, 0.5, 7.75, 0.75], "texture": "#0"},
				"east": {"uv": [3.5, 5, 4.5, 5.25], "texture": "#0"},
				"south": {"uv": [1, 7.5, 1.25, 7.75], "texture": "#0"},
				"west": {"uv": [5, 3.5, 6, 3.75], "texture": "#0"},
				"up": {"uv": [5.25, 5, 5, 4], "texture": "#0"},
				"down": {"uv": [4.75, 5, 4.5, 6], "texture": "#0"}
			}
		},
		{
			"from": [7.55208, 10.23958, 5.90625],
			"to": [7.95833, 12.11458, 6.75],
			"rotation": {"angle": 0, "axis": "x", "origin": [7.33333, 10.08333, 4.5]},
			"faces": {
				"north": {"uv": [5, 2.5, 5.25, 3.5], "texture": "#0"},
				"east": {"uv": [4, 2, 4.5, 3], "texture": "#0"},
				"south": {"uv": [3, 5, 3.25, 6], "texture": "#0"},
				"west": {"uv": [2.5, 4, 3, 5], "texture": "#0"},
				"up": {"uv": [4.75, 6.5, 4.5, 6], "texture": "#0"},
				"down": {"uv": [6.25, 4.5, 6, 5], "texture": "#0"}
			}
		},
		{
			"from": [7.52083, 10.23958, 4.375],
			"to": [7.98958, 10.58333, 5.90625],
			"rotation": {"angle": 0, "axis": "x", "origin": [7.33333, 10.33333, 3.5]},
			"faces": {
				"north": {"uv": [6.5, 5, 6.75, 5.25], "texture": "#0"},
				"east": {"uv": [1.5, 5.5, 2.25, 5.75], "texture": "#0"},
				"south": {"uv": [5.5, 6.5, 5.75, 6.75], "texture": "#0"},
				"west": {"uv": [5.5, 2, 6.25, 2.25], "texture": "#0"},
				"up": {"uv": [0.75, 6.25, 0.5, 5.5], "texture": "#0"},
				"down": {"uv": [2.75, 5.5, 2.5, 6.25], "texture": "#0"}
			}
		},
		{
			"from": [7.52083, 9.73958, 4.96875],
			"to": [7.98958, 10.23958, 5.1875],
			"rotation": {"angle": 0, "axis": "x", "origin": [7.33333, 9.98958, 2.78125]},
			"faces": {
				"north": {"uv": [4.5, 7, 4.75, 7.25], "texture": "#0"},
				"east": {"uv": [7, 4.5, 7.25, 4.75], "texture": "#0"},
				"south": {"uv": [5, 7, 5.25, 7.25], "texture": "#0"},
				"west": {"uv": [7, 5, 7.25, 5.25], "texture": "#0"},
				"up": {"uv": [5.75, 7.25, 5.5, 7], "texture": "#0"},
				"down": {"uv": [7.25, 5.5, 7, 5.75], "texture": "#0"}
			}
		},
		{
			"from": [7.52083, 9.73958, 6.15625],
			"to": [7.98958, 10.23958, 6.375],
			"rotation": {"angle": 0, "axis": "x", "origin": [7.33333, 9.98958, 3.96875]},
			"faces": {
				"north": {"uv": [6.5, 7, 6.75, 7.25], "texture": "#0"},
				"east": {"uv": [7, 6.5, 7.25, 6.75], "texture": "#0"},
				"south": {"uv": [7, 7, 7.25, 7.25], "texture": "#0"},
				"west": {"uv": [0, 7.5, 0.25, 7.75], "texture": "#0"},
				"up": {"uv": [7.75, 0.25, 7.5, 0], "texture": "#0"},
				"down": {"uv": [0.75, 7.5, 0.5, 7.75], "texture": "#0"}
			}
		},
		{
			"from": [7.52083, 9.58333, 4.96875],
			"to": [7.98958, 9.73958, 6.375],
			"rotation": {"angle": 0, "axis": "x", "origin": [7.33333, 9.48958, 2.78125]},
			"faces": {
				"north": {"uv": [6, 7, 6.25, 7.25], "texture": "#0"},
				"east": {"uv": [5.5, 2.5, 6.25, 2.75], "texture": "#0"},
				"south": {"uv": [7, 6, 7.25, 6.25], "texture": "#0"},
				"west": {"uv": [5.5, 3, 6.25, 3.25], "texture": "#0"},
				"up": {"uv": [3.75, 6.25, 3.5, 5.5], "texture": "#0"},
				"down": {"uv": [4.25, 5.5, 4, 6.25], "texture": "#0"}
			}
		},
		{
			"from": [7.05208, 10.64583, 4.5625],
			"to": [8.42708, 12.02083, 5.90625],
			"rotation": {"angle": 45, "axis": "z", "origin": [7.80208, 11.30208, 5.21875]},
			"faces": {
				"north": {"uv": [1, 3, 1.75, 3.75], "texture": "#0"},
				"east": {"uv": [3, 1, 3.75, 1.75], "texture": "#0"},
				"south": {"uv": [2, 3, 2.75, 3.75], "texture": "#0"},
				"west": {"uv": [3, 2, 3.75, 2.75], "texture": "#0"},
				"up": {"uv": [3.75, 3.75, 3, 3], "texture": "#0"},
				"down": {"uv": [4.75, 0, 4, 0.75], "texture": "#0"}
			}
		},
		{
			"from": [7.52083, 10.20833, 3.96875],
			"to": [7.98958, 11.23958, 4.375],
			"rotation": {"angle": 0, "axis": "x", "origin": [7.33333, 10.08333, 2.125]},
			"faces": {
				"north": {"uv": [6, 5, 6.25, 5.5], "texture": "#0"},
				"east": {"uv": [5.5, 6, 5.75, 6.5], "texture": "#0"},
				"south": {"uv": [6, 5.5, 6.25, 6], "texture": "#0"},
				"west": {"uv": [6, 6, 6.25, 6.5], "texture": "#0"},
				"up": {"uv": [6.75, 5.75, 6.5, 5.5], "texture": "#0"},
				"down": {"uv": [6.25, 6.5, 6, 6.75], "texture": "#0"}
			}
		},
		{
			"from": [7.42708, 11.23958, 3.90625],
			"to": [8.05208, 11.95833, 4.375],
			"rotation": {"angle": 0, "axis": "x", "origin": [7.33333, 11.33333, 2.125]},
			"faces": {
				"north": {"uv": [6.5, 6, 6.75, 6.25], "texture": "#0"},
				"east": {"uv": [6.5, 6.5, 6.75, 6.75], "texture": "#0"},
				"south": {"uv": [0, 7, 0.25, 7.25], "texture": "#0"},
				"west": {"uv": [7, 0, 7.25, 0.25], "texture": "#0"},
				"up": {"uv": [0.75, 7.25, 0.5, 7], "texture": "#0"},
				"down": {"uv": [7.25, 0.5, 7, 0.75], "texture": "#0"}
			}
		},
		{
			"from": [7.48958, 11.36458, 4.375],
			"to": [7.92708, 11.77083, 4.5625],
			"rotation": {"angle": 0, "axis": "x", "origin": [7.33333, 11.20833, 2.59375]},
			"faces": {
				"north": {"uv": [1.5, 7, 1.75, 7.25], "texture": "#0"},
				"east": {"uv": [7, 1.5, 7.25, 1.75], "texture": "#0"},
				"south": {"uv": [2, 7, 2.25, 7.25], "texture": "#0"},
				"west": {"uv": [7, 2, 7.25, 2.25], "texture": "#0"},
				"up": {"uv": [2.75, 7.25, 2.5, 7], "texture": "#0"},
				"down": {"uv": [7.25, 2.5, 7, 2.75], "texture": "#0"}
			}
		},
		{
			"from": [7.45833, 11.80208, 4.375],
			"to": [7.95833, 12.20833, 4.5625],
			"rotation": {"angle": 0, "axis": "x", "origin": [7.33333, 11.64583, 2.59375]},
			"faces": {
				"north": {"uv": [3, 7, 3.25, 7.25], "texture": "#0"},
				"east": {"uv": [7, 3, 7.25, 3.25], "texture": "#0"},
				"south": {"uv": [3.5, 7, 3.75, 7.25], "texture": "#0"},
				"west": {"uv": [7, 3.5, 7.25, 3.75], "texture": "#0"},
				"up": {"uv": [4.25, 7.25, 4, 7], "texture": "#0"},
				"down": {"uv": [7.25, 4, 7, 4.25], "texture": "#0"}
			}
		},
		{
			"from": [7.39583, 11.95833, 3.90625],
			"to": [8.08333, 12.83333, 4.375],
			"rotation": {"angle": 0, "axis": "x", "origin": [7.33333, 12.05208, 2.125]},
			"faces": {
				"north": {"uv": [6.5, 0, 6.75, 0.5], "texture": "#0"},
				"east": {"uv": [0.5, 6.5, 0.75, 7], "texture": "#0"},
				"south": {"uv": [6.5, 0.5, 6.75, 1], "texture": "#0"},
				"west": {"uv": [1, 6.5, 1.25, 7], "texture": "#0"},
				"up": {"uv": [1.25, 7.25, 1, 7], "texture": "#0"},
				"down": {"uv": [7.25, 1, 7, 1.25], "texture": "#0"}
			}
		}
	],
	"display": {
		"thirdperson_righthand": {
			"rotation": [2.75, 0, 0],
			"translation": [0.5, -2.5, 2.75],
			"scale": [1.1543, 1.1543, 1.1543]
		},
		"thirdperson_lefthand": {
			"rotation": [2.75, 0, 0],
			"translation": [0.5, -2.5, 2.75],
			"scale": [1.1543, 1.1543, 1.1543]
		},
		"firstperson_righthand": {
			"rotation": [5.05, -9.3, 1.24],
			"translation": [1.75, -3.75, 1],
			"scale": [1.79297, 1.79297, 1.79297]
		},
		"firstperson_lefthand": {
			"rotation": [5, -12, 1],
			"translation": [2.25, -3, 1],
			"scale": [1.79297, 1.79297, 1.79297]
		},
		"ground": {
			"translation": [0, -4.25, 0],
			"scale": [1.14453, 1.14453, 1.14453]
		},
		"gui": {
			"rotation": [96.63, -58.06, 95.62],
			"translation": [-3.25, -7, 0],
			"scale": [1.74023, 1.74023, 1.74023]
		},
		"head": {
			"rotation": [-180, -1.75, -180],
			"translation": [-0.75, -11.75, -21.75],
			"scale": [1.68359, 1.68359, 1.68359]
		},
		"fixed": {
			"rotation": [96.63, -58.06, 95.62],
			"translation": [-4, -9.75, 0],
			"scale": [2.20117, 2.20117, 2.20117]
		}
	}
}