{
	"credit": "Made with Blockbench",
	"texture_size": [32, 32],
	"textures": {
		"0": "item/stolen",
		"particle": "item/stolen"
	},
	"elements": [
		{
			"from": [3.47917, 6.9375, 8.66667],
			"to": [12.35417, 15.65625, 8.54167],
			"rotation": {"angle": 0, "axis": "y", "origin": [7.01042, 6.9375, 6.66667]},
			"faces": {
				"north": {"uv": [0, 0, 4.5, 4.25], "texture": "#0"},
				"east": {"uv": [4.5, 1, 4.75, 5.25], "texture": "#0"},
				"south": {"uv": [0, 0, 4.5, 4.25], "texture": "#0"},
				"west": {"uv": [5, 1, 5.25, 5.25], "texture": "#0"},
				"up": {"uv": [9, 0.25, 4.5, 0], "texture": "#0"},
				"down": {"uv": [9, 0.5, 4.5, 0.75], "texture": "#0"}
			}
		}
	],
	"display": {
		"thirdperson_righthand": {
			"scale": [0, 0, 0]
		},
		"thirdperson_lefthand": {
			"scale": [0, 0, 0]
		},
		"firstperson_righthand": {
			"scale": [0, 0, 0]
		},
		"firstperson_lefthand": {
			"scale": [0, 0, 0]
		},
		"gui": {
			"translation": [0, -4.25, 0],
			"scale": [1.67578, 1.67578, 1.67578]
		},
		"head": {
			"scale": [0, 0, 0]
		},
		"fixed": {
			"scale": [0, 0, 0]
		}
	}
}