{
	"credit": "Made with Blockbench",
	"parent": "minecraft:item/generated",
	"textures": {
		"layer0": "item/universal_key"
	},
	"display": {
		"thirdperson_righthand": {
			"rotation": [-180, -90, 0],
			"translation": [0, 1.25, 1.5],
			"scale": [0.5, 0.5, 1]
		},
		"thirdperson_lefthand": {
			"rotation": [-180, 90, 0],
			"translation": [0, 1.25, 1.5],
			"scale": [0.5, 0.5, 1]
		},
		"firstperson_righthand": {
			"rotation": [90, -90, 0],
			"translation": [1.25, 2, 0],
			"scale": [0.6, 0.6, 0.6]
		},
		"firstperson_lefthand": {
			"rotation": [90, 90, 0],
			"translation": [1, 2.5, 0],
			"scale": [0.6, 0.6, 0.6]
		},
		"ground": {
			"translation": [0, 1.25, 0]
		}
	}
}