{
	"credit": "Made with Blockbench",
	"parent": "minecraft:item/generated",
	"texture_size": [32, 32],
	"textures": {
		"1": "item/venenovagabundo",
		"particle": "item/venenovagabundo",
		"layer0": "item/varinha"
	},
	"display": {
		"thirdperson_righthand": {
			"rotation": [0, 90, 44],
			"translation": [0, 5, 3],
			"scale": [1, 1, 0.53]
		},
		"thirdperson_lefthand": {
			"rotation": [0, 90, -44],
			"translation": [0, 5, -0.5],
			"scale": [1, 1, 0.53]
		},
		"firstperson_righthand": {
			"rotation": [0, -86, 28],
			"translation": [-0.75, 3.5, -0.25],
			"scale": [1, 1, 0.49]
		},
		"firstperson_lefthand": {
			"rotation": [0, -86, -28],
			"translation": [0.75, 3.5, 4.25],
			"scale": [1, 1, 0.49]
		},
		"ground": {
			"translation": [0, 1.75, 0]
		},
		"gui": {
			"translation": [-1.5, 1.25, 0],
			"scale": [1.09, 1.09, 1]
		},
		"fixed": {
			"translation": [-1.25, 2.25, 0],
			"scale": [1.38, 1.38, 1]
		}
	}
}