{
	"credit": "Made with Blockbench",
	"parent": "minecraft:item/generated",
	"textures": {
		"layer0": "item/venenovagabundo"
	},
	"display": {
		"thirdperson_righthand": {
			"rotation": [0, 0, 52],
			"translation": [0, 2.25, 0],
			"scale": [2.1, 1.99, 0.81]
		},
		"thirdperson_lefthand": {
			"rotation": [0, 0, -52],
			"translation": [0, 2.25, 0],
			"scale": [2.1, 1.99, 0.81]
		},
		"firstperson_righthand": {
			"rotation": [-17, -75, 15],
			"translation": [0, 1.5, 0],
			"scale": [2.1, 2.14, 0.81]
		},
		"firstperson_lefthand": {
			"rotation": [17, 101, -48],
			"translation": [0, 1.5, 0],
			"scale": [2.1, 1.99, 0.81]
		},
		"ground": {
			"scale": [2.1, 1.99, 0.9]
		},
		"gui": {
			"translation": [-1, -1, 0],
			"scale": [2.41, 2.54, 2.03]
		},
		"head": {
			"rotation": [93.93, -66.95, 66.35],
			"translation": [0.25, -0.75, -8.5],
			"scale": [4, 2.39844, 1]
		},
		"fixed": {
			"scale": [3.08, 3.4, 1.78]
		}
	}
}