{
	"parent": "item/generated",
	"textures": {
		"layer0": "minecraft:item/white_dye"
	},
	"overrides": [
		{
			"predicate": {
				"custom_model_data": 1
			},
			"model": "animated_java:empty"
		},
		{
			"predicate": {
				"custom_model_data": 2
			},
			"model": "animated_java:blueprint/door/bone"
		},
		{
			"predicate": {
				"custom_model_data": 3
			},
			"model": "animated_java:blueprint/door/bone1"
		},
		{
			"predicate": {
				"custom_model_data": 4
			},
			"model": "animated_java:blueprint/door/3/bone"
		},
		{
			"predicate": {
				"custom_model_data": 5
			},
			"model": "animated_java:blueprint/door/3/bone1"
		},
		{
			"predicate": {
				"custom_model_data": 6
			},
			"model": "animated_java:blueprint/door/2/bone"
		},
		{
			"predicate": {
				"custom_model_data": 7
			},
			"model": "animated_java:blueprint/door/2/bone1"
		},
		{
			"predicate": {
				"custom_model_data": 8
			},
			"model": "animated_java:blueprint/clock/bone"
		},
		{
			"predicate": {
				"custom_model_data": 9
			},
			"model": "animated_java:blueprint/clock/bone1"
		},
		{
			"predicate": {
				"custom_model_data": 10
			},
			"model": "animated_java:blueprint/clock/stop/bone"
		},
		{
			"predicate": {
				"custom_model_data": 11
			},
			"model": "animated_java:blueprint/clock/stop/bone1"
		},
		{
			"predicate": {
				"custom_model_data": 12
			},
			"model": "animated_java:blueprint/stunned/star"
		},
		{
			"predicate": {
				"custom_model_data": 13
			},
			"model": "animated_java:blueprint/stunned/star2"
		},
		{
			"predicate": {
				"custom_model_data": 14
			},
			"model": "animated_java:blueprint/stunned/star4"
		},
		{
			"predicate": {
				"custom_model_data": 15
			},
			"model": "animated_java:blueprint/stunned/star3"
		},
		{
			"predicate": {
				"custom_model_data": 16
			},
			"model": "animated_java:blueprint/stunned/glow"
		},
		{
			"predicate": {
				"custom_model_data": 17
			},
			"model": "animated_java:blueprint/stunned/glow4"
		},
		{
			"predicate": {
				"custom_model_data": 18
			},
			"model": "animated_java:blueprint/stunned/glow2"
		},
		{
			"predicate": {
				"custom_model_data": 19
			},
			"model": "animated_java:blueprint/stunned/glow3"
		}
	],
	"animated_java": {
		"clock": [8, 9, 10, 11],
		"door": [1, 2, 3, 4, 5, 6, 7],
		"stunned": [12, 13, 14, 15, 16, 17, 18, 19],
		"test": []
	}
}