{
	"parent": "item/generated",
	"textures": {
		"layer0": "minecraft:item/yellow_dye"
	},
	"overrides": [
		{
			"predicate": {
				"custom_model_data": 1
			},
			"model": "animated_java:empty"
		},
		{
			"predicate": {
				"custom_model_data": 2
			},
			"model": "animated_java:blueprint/groundeffect/effect"
		},
		{
			"predicate": {
				"custom_model_data": 3
			},
			"model": "animated_java:blueprint/clock/bone"
		},
		{
			"predicate": {
				"custom_model_data": 4
			},
			"model": "animated_java:blueprint/clock/bone2"
		},
		{
			"predicate": {
				"custom_model_data": 5
			},
			"model": "animated_java:blueprint/clock/bone3"
		},
		{
			"predicate": {
				"custom_model_data": 6
			},
			"model": "animated_java:blueprint/clock/bone4"
		},
		{
			"predicate": {
				"custom_model_data": 7
			},
			"model": "animated_java:blueprint/clock/bone5"
		},
		{
			"predicate": {
				"custom_model_data": 8
			},
			"model": "animated_java:blueprint/clock/stop/bone"
		},
		{
			"predicate": {
				"custom_model_data": 9
			},
			"model": "animated_java:blueprint/clock/stop/bone2"
		},
		{
			"predicate": {
				"custom_model_data": 10
			},
			"model": "animated_java:blueprint/clock/stop/bone3"
		},
		{
			"predicate": {
				"custom_model_data": 11
			},
			"model": "animated_java:blueprint/clock/stop/bone4"
		},
		{
			"predicate": {
				"custom_model_data": 12
			},
			"model": "animated_java:blueprint/clock/stop/bone5"
		},
		{
			"predicate": {
				"custom_model_data": 13
			},
			"model": "animated_java:blueprint/speed/bone"
		}
	],
	"animated_java": {
		"clock": [3, 4, 5, 6, 7, 8, 9, 10, 11, 12],
		"groundeffect": [1, 2],
		"speed": [13]
	}
}