{
	"textures": {
		"0": "animated_java:blueprint/parry/shield",
		"particle": "minecraft:item/pufferfish"
	},
	"display": {
		"head": {
			"rotation": [0, 180, 0]
		}
	},
	"elements": [
		{
			"from": [-0.05208, 0.04167, 7],
			"to": [15.94792, 16.70833, 7],
			"rotation": {
				"angle": 0,
				"axis": "y",
				"origin": [8.28125, 11.375, 8]
			},
			"faces": {
				"north": {
					"uv": [8, 0, 16, 8.25],
					"texture": "#0"
				},
				"east": {
					"uv": [0, 0, 0, 8.25],
					"texture": "#0"
				},
				"south": {
					"uv": [8, 0, 16, 8.25],
					"texture": "#0"
				},
				"west": {
					"uv": [0, 0, 0, 8.25],
					"texture": "#0"
				},
				"up": {
					"uv": [8, 0, 0, 0],
					"texture": "#0"
				},
				"down": {
					"uv": [8, 0, 0, 0],
					"texture": "#0"
				}
			}
		}
	]
}