{
    "speedblitz": {
    "category": "master",
    "sounds": [
    "speedblitz"
  ],
    "subtitle": "subtitles.custom.speedblitz"
  },
   "stoptime": {
    "category": "master",
    "sounds": [
    "stoptime"
  ],
    "subtitle": "subtitles.custom.stoptime"
  },
   "bigbenclock": {
    "category": "master",
    "sounds": [
    "bigbenclock"
  ],
    "subtitle": "subtitles.custom.bigbenclock"
  },
   "speedupclock": {
    "category": "master",
    "sounds": [
    "speedupclock"
  ],
    "subtitle": "subtitles.custom.speedupclock"
   },
    "maxspeed": {
    "category": "master",
    "sounds": [
    "maxspeed"
  ],
    "subtitle": "subtitles.custom.maxspeed"
   },
   "pan": {
    "category": "master",
    "sounds": [
    "pan"
  ],
    "subtitle": "subtitles.custom.pan"
   },
    "revolverload": {
    "category": "master",
    "sounds": [
    "revolverload"
  ],
    "subtitle": "subtitles.custom.revolverload"
   }
   
}
