{
	"textures": {
		"0": "minecraft:block/spruce_door_bottom",
		"1": "minecraft:block/spruce_door_top",
		"particle": "minecraft:item/pufferfish"
	},
	"display": {
		"head": {
			"rotation": [0, 180, 0]
		}
	},
	"elements": [
		{
			"from": [-4.33836, 7.9475, 6.73991],
			"to": [8.06417, 19.9475, 8.99757],
			"rotation": {
				"angle": 0,
				"axis": "y",
				"origin": [-3.5158, 7.9475, 7.04327]
			},
			"faces": {
				"north": {
					"uv": [0, 0, 16, 16],
					"texture": "#1"
				},
				"east": {
					"uv": [0, 0, 3.02344, 16],
					"texture": "#1"
				},
				"south": {
					"uv": [16, 0, 0, 16],
					"texture": "#1"
				},
				"west": {
					"uv": [0, 0, 3.02344, 16],
					"texture": "#1"
				},
				"up": {
					"uv": [0, 0, 16, 3.02344],
					"texture": "#1"
				},
				"down": {
					"uv": [0, 0, 16, 3.02344],
					"texture": "#1"
				}
			}
		},
		{
			"from": [-4.33836, -4.0525, 6.73991],
			"to": [8.06417, 7.9475, 8.99757],
			"rotation": {
				"angle": 0,
				"axis": "y",
				"origin": [-3.5158, -4.0525, 7.04327]
			},
			"faces": {
				"north": {
					"uv": [0, 0, 16, 16],
					"texture": "#0"
				},
				"east": {
					"uv": [0, 0, 3.02344, 16],
					"texture": "#0"
				},
				"south": {
					"uv": [16, 0, 0, 16],
					"texture": "#0"
				},
				"west": {
					"uv": [0, 0, 3.02344, 16],
					"texture": "#0"
				},
				"up": {
					"uv": [0, 0, 16, 3.02344],
					"texture": "#0"
				},
				"down": {
					"uv": [0, 0, 16, 3.02344],
					"texture": "#0"
				}
			}
		}
	]
}