{
	"textures": {
		"6": "animated_java:blueprint/door/portal",
		"particle": "minecraft:item/pufferfish"
	},
	"display": {
		"head": {
			"rotation": [0, 180, 0]
		}
	},
	"elements": [
		{
			"from": [2.28822, -5.45818, -2.88515],
			"to": [14.27359, 18.54182, -2.8832],
			"rotation": {
				"angle": 0,
				"axis": "y",
				"origin": [8.57352, -5.46403, -2.70373]
			},
			"faces": {
				"north": {
					"uv": [0, 0, 4, 8],
					"texture": "#6"
				},
				"east": {
					"uv": [0, 8, 0.0625, 16],
					"texture": "#6"
				},
				"south": {
					"uv": [4, 0, 8, 8],
					"texture": "#6"
				},
				"west": {
					"uv": [8, 0, 8.0625, 8],
					"texture": "#6"
				},
				"up": {
					"uv": [4.0625, 8.0625, 0.0625, 8],
					"texture": "#6"
				},
				"down": {
					"uv": [8.0625, 8, 4.0625, 8.0625],
					"texture": "#6"
				}
			}
		}
	]
}