{
	"textures": {
		"1": "animated_java:blueprint/stunned/glow",
		"particle": "minecraft:item/pufferfish"
	},
	"display": {
		"head": {
			"rotation": [0, 180, 0]
		}
	},
	"elements": [
		{
			"from": [5.59375, 9.15625, 6.0625],
			"to": [6.5625, 10, 11.09375],
			"rotation": {
				"angle": 22.5,
				"axis": "y",
				"origin": [6.59375, 8, 7.65625]
			},
			"faces": {
				"north": {
					"uv": [2, 2, 3, 3],
					"texture": "#1"
				},
				"east": {
					"uv": [0, 0, 4, 1],
					"texture": "#1"
				},
				"south": {
					"uv": [2, 3, 3, 4],
					"texture": "#1"
				},
				"west": {
					"uv": [0, 1, 4, 2],
					"texture": "#1"
				},
				"up": {
					"uv": [1, 6, 0, 2],
					"texture": "#1"
				},
				"down": {
					"uv": [2, 2, 1, 6],
					"texture": "#1"
				}
			}
		}
	]
}