{
	"textures": {
		"0": "animated_java:blueprint/stunned/star",
		"particle": "minecraft:item/pufferfish"
	},
	"display": {
		"head": {
			"rotation": [0, 180, 0]
		}
	},
	"elements": [
		{
			"from": [5.01042, 5.26042, 8.03125],
			"to": [11.01042, 11.26042, 8.03125],
			"rotation": {
				"angle": 0,
				"axis": "y",
				"origin": [10.67708, 4.59375, 9.03125]
			},
			"faces": {
				"north": {
					"uv": [0, 0, 7, 7],
					"texture": "#0"
				},
				"east": {
					"uv": [0, 0, 0, 7],
					"texture": "#0"
				},
				"south": {
					"uv": [0, 0, 7, 7],
					"texture": "#0"
				},
				"west": {
					"uv": [0, 0, 0, 7],
					"texture": "#0"
				},
				"up": {
					"uv": [7, 0, 0, 0],
					"texture": "#0"
				},
				"down": {
					"uv": [7, 0, 0, 0],
					"texture": "#0"
				}
			}
		}
	]
}