{
	"textures": {
		"0": "animated_java:blueprint/groundeffect/effect",
		"particle": "minecraft:item/pufferfish"
	},
	"display": {
		"head": {
			"rotation": [0, 180, 0]
		}
	},
	"elements": [
		{
			"from": [-0.0625, 8, 0.03125],
			"to": [16, 8, 16],
			"faces": {
				"north": {
					"uv": [0, 0, 8, 0],
					"texture": "#0"
				},
				"east": {
					"uv": [0, 0, 8, 0],
					"texture": "#0"
				},
				"south": {
					"uv": [0, 0, 8, 0],
					"texture": "#0"
				},
				"west": {
					"uv": [0, 0, 8, 0],
					"texture": "#0"
				},
				"up": {
					"uv": [8, 8, 0, 0],
					"texture": "#0"
				},
				"down": {
					"uv": [8, 0, 0, 8],
					"texture": "#0"
				}
			}
		}
	]
}